col0,col1,col2,col3
Windber,1.98,4138,1683.0
Yeadon,4.130649,11443,21.0
Lansdale,2.99,16071,361.0
Hawley,0.62,1211,1033.0
Macungie,0.99,3074,122.0
Jersey Shore,3.060367,4482,184.0
Moosic,6.52,5575,817.0
Wilson,1.16,7896,120.0
