col0,col1,col2
Klinikum Bremerhaven-Reinkenheige,696.5,1708.4999999999998
University Hotpital of Basel,779.9569999999999,7240.656999999999
"Klinikum""Fürth",765.603,2458.0869999999995
Schneider Chlldren's Medical Center,259.806,1504.4999999999998
