col0,col1,col2,col3
S Takliwa,18.2085,142.70999999999998,8.961120000000001
Kybrra,15.8046,125.3538,9.58958
SS Anbania,19.6755,162.6372,13.333
MS Wanganeola,18.905,144.93349999999998,7.577199999999999
RMS EmpressofIndia,15.46951,138.33443999999997,10.00944
HMS Btitannia,16.34262,62.496,7.130599999999999
HMHS Lanfrnc,15.9,128.49319999999997,8.241900000000001
HMHS Salt,16.463,136.83540000000002,9.5424
