col0,col1,col2
Equifay,3153431999.9999995,823625299.9999999
Siberian Col Energy Company,5653149000.0,1081380000.0
Nizhny Nogorod Machine-building Plant,9879876916.0,1338235530.9999998
ar East Shipping Company,36372600000.0,1297400000.0
OKD,10687827840.0,1259844918.0
Kirov Poant,2457636000.0,630030696.0
Tula#Arms Plant,7135569288.0,817517024.9999999
Mtalloinvest,363617354100.0,1130660190.0
Rusal,10351959999.999998,1356708000.0
