col0,col1,col2,col3
CarrollCount|,1663.275,1.4112,27557.728
Wooduuff County,596.376,1.1904,7086.144
Pike Cpunt,1602.72,2.178,11154.646
Clark Eounty,2279.142,1.9171,22788.486
Mnroe County,1599.346,2.2793,7720.409999999999
Seeastian Conty,1415.4139999999998,2.6,126959.974
Markon County,1654.684,6.847599999999999,16577.87
White Couty,2710.8,0.6958,77933.619
Ldfayette County,1399.292,3.0814,7179.48
Ston County,1563.798,0.5015,12643.905
