col0,col1,col2,col3
Neptune City,4869,2.322068,53
Cresskill,8573,5.360363,14
Lindenwold,17613,10.212444,56
Sea Girt,1828,1.45,13
Gibbsboro,2274,5.685371,75
Westwood,10908,5.954185,20
Glen Gardner,1704,4.009234,541
Rumson,7122,18.420606,36
Netcong,3232,2.376,906
Clayton,8179,18.800087,37
Rockaway,6410,5.492487,174
