col0,col1,col2,col3
Lake Como,1759,0.671806,5
Haworth,3382,6.048538,39
Ridgefield,11032,7.370523,10
