col0,col1,col2,col3
HMHS ewfoundland,16.92378,123.28488,9.65124
