col0,col1,col2,col3
"Munteu (ship, 1879)",12.184699999999998,0.9063,2.93
Ingo,27.6332,3.1904000000000003,7.1609
Prjmus,19.6614,1.8072,4.518
Gerda,13.75305,1.0764200000000002,3.0752
