col0,col1,col2
Timlskaming,1866.816,535.766
Pssmit,247.74986,2233.44
Natshquan,1.148435,830.825
Matlmekosh,0.6526000000000001,623.5619999999999
Mapawan,7.93812,2076.48
aliotenam,5.2104,1494.49
Rapmd Lake,0.27972,341.34099999999995
Lac-ohn,0.23,32.835
LaRomaine,0.4356,977.0
Kitigan Zjbi,183.3483,1227.59
Gfsgapegiag,2.21663,666.3149999999999
Esvipit,0.82656,287.844
Doqcaster,7923.699999999999,0.0
