col0,col1,col2,col3
Bear Creek Village,2.04,258,1522
Forksville,1.57,145,1001
Jim Thorpe,38.639787,4781,730
Hollidaysburg,2.34,5784,289
Nazareth,4.324189,5746,150
