col0,col1,col2,col3
South Toms River,3684,3.130307,52
Oaklyn,4038,1.796,26
Raritan,6881,5.267372,125
Maywood,9555,3.337655,27
Victory Gardens,1520,0.146,646
Little Silver,5950,8.586,16
Belmar,5794,4.183041,13
Seaside Park,1579,0.768,1
Medford Lakes,4146,1.293,62
Woodlynne,2978,0.226,20
Woodbury Heights,3055,1.228,46
