col0,col1,col2,col3,col4,col5
Kepler-86e,43.51545712082966,22.56687,0.2380799999999999,Kepler,-4.382804999999999
Kepler-186,44.26269224310653,13.32666,0.24775,Kepler,-4.382804999999999
