col0,col1,col2,col3
Prospect Park,5865,1.218443,236
Far Hills,919,12.789313,213
Cape May Point,291,0.315,7
South Bound Brook,4563,1.916492,46
Barnegat Light,574,0.852,3
Glassboro,18579,24.23784,148
Mount Arlington,5050,7.56,1079
Island Heights,1673,2.35,36
Tuckerton,3347,3.804,0
