col0,col1,col2,col3
Wyomissing,11.725627,10461,103
Waynesburg,0.8,4176,1034
Waterford,1.24,1449,1207
Womelsdorf,2.350119,2810,1369
Middleburg,2.38,1309,495
Tunkhannock,0.96,1836,211
Laporte,1.23,316,601
Indiana,4.57,13975,397
Lewistown,2.05,8998,520
Wellsboro,12.769045,3328,398
North East,1.3,3998,801
Throop,12.87,4088,846
