col0,col1,col2,col3
Ho-Ho-Kus,4078,4.532355,121
Surf City,1205,3.430621,1
Seaside Heights,2887,1.933,1
Glen Rock,11601,7.038141,131
Chesilhurst,1634,1.72,151
Hawthorne,18791,8.674294,82
Bellmawr,11583,3.11,66
Woodstown,3505,1.625,49
