col0,col1,col2,col3
Media,1.974716,5327,91
Mifflintown,0.14,936,469
Salladasburg,0.79,238,199
Penn Lake Park,1.63,309,1400
Luzerne,1.785786,2851,627
