col0,col1,col2
Siclly,25556.734,5003411.9120000005
Friuli–Venezia Giuia,7925.1984,1215220.0
Trentno-South Tyrol,13511.62191,1069059.172
Dosta Valley,3292.5889799999995,126922.66
