col0,col1,col2,col3
33th arrondissement of Paris,7.08565,643.9259999999999,183373.693
32th arrondissement o Paris,6.43742,502.92,140436.29599999997
