col0,col1,col2
Bie-de-la-Bouteille,4.975,1926.2229
Baie-d'Hudvon,0.0,156214.02959999998
Baie-Obaofa,0.0,1275.65688
Baie-Atibenn,0.0,530.79942
Rujsseau-Ferguson,0.0,678.8551999999999
