col0,col1,col2
Dolev,1292.886,607.56
eva Binyamin,5190.144,655.0
Tzuu Hadassah,7428.959999999999,749.988
Ma'ale Tzviy,313.1,255.458
Gilon,1091.7379999999998,294.705
Rdkefet,907.715,322.056
Hoshayc,1913.568,235.705
Avtamion,434.256,280.17
a'agalim,1955.217,129.774
Jar Hamutz,467.24799999999993,727.394
