col0,col1,col2
Agia Ndpa,3221.6359999999995,30.363744500000003
