col0,col1,col2,col3,col4,col5
Kepler-1;6f,43.64732214240793,129.034392,0.33898,Kepler,-4.400249
K2-8b,7.5125207329221455,33.236076579999995,0.0,Kepler,-133.142
