col0,col1,col2,col3
Little Rive County,1464.4629999999995,5.7478,12640.89
Montgomery Couqty,1865.641,2.6104000000000003,9226.0
Vap Buren County,1874.124,2.2088,16915.068
Nevada Couny,1603.176,0.504,8772.603
Madiuop County,2172.336,0.2985,15858.01
SharpCounty,1584.13,0.2985,16895.559
Drew Count|,2153.18,0.9072,18785.0
Puairie County,1741.25,4.112299999999999,8365.626
Phiolips County,1902.84,4.3956,20337.803
aulkner County,1728.6,2.3952,119699.58
