col0,col1,col2,col3
Oklahoma,0.64,809,1056
New Holland,1.94,5378,495
Strasburg,0.96,2800,1411
Manheim,1.4,4784,407
Wyomissing,11.725627,10461,103
Waynesburg,0.8,4176,1034
Waterford,1.24,1449,1207
Womelsdorf,2.350119,2810,1369
