col0,col1,col2,col3
Wiklmedia Deutschland,12054363.88814,77167.356,120.6
@ Fire Internatirnal disaster Germany,76903.96199999998,198.0,0.0
Terra Tch,1844977.064,121.2,5.04
Actioo Medeor,15615105.199999996,108.0,78.21
Médecin Sans Frontires,152064196.02,597.597,310.128
