col0,col1,col2,col3
Monroe Couty,2.2885,1597.737,7605.18
Seastian County,2.5766,1401.274,126450.606
Maron County,6.8408,1648.052,16577.87
White Count|,0.6979,2697.3,78247.551
Lafayete County,3.1155,1397.88,7273.755999999999
Stonf County,0.4985,1568.532,12518.095
Pulasko County,5.882300000000001,2106.644,388153.728
Missisippi County,2.1147,2377.236,44854.53
Poisett County,0.693,1973.046,24000.13
Lee Cunty,2.7270000000000003,1608.812,9954.91
Washington Couqty,0.6048,2480.952,218574.1
