col0,col1,col2
Rovira i Virgili Univhrsity,110680000.0,11174.423
Polytechnic Uniyersity of Valencia,308363336.6691,30347.316999999995
Univetsity of Girona,94381192.614,15322.005
Universit{ of Barcelona,381237438.675,63680.61699999999
Johannes Gutenbeug University Mainz,474000000.0,33065.736
Universjty of Würzburg,316489600.0,28935.756
Uiversity of Rostock,158882090.0,12879.036
Chemnitz Unversity of Thchnology,163272800.0,11784.96
Technical University of Munih,1322355000.0,40404.868
