col0,col1,col2,col3
Washington,6461,5.096646,136
Ship Bottom,1156,1.001,1
Sea Bright,1412,3.331526,0
Somerville,12098,6.132657,62
Longport,895,4.032655,0
Swedesboro,2584,1.985739,46
New Milford,16341,6.01599,9
