col0,col1,col2
Lapitos,2374.74,18.5990322
Karaas,1485.792,14.0142154
Myrenia Municipality,1194.384,10.698425
Famcgusta Municipality,660.632,38.3210892
Paphos Municiplity,33122.244,18.2148174
Nicouia Municipality,54958.986,50.5784709
