col0,col1,col2,col3
Califon,1076,2.536477,479
Palisades Park,19622,3.316729,112
