col0,col1,col2
"Hasbro, Inc0",4041510000.000001,920156000.0
Tesco,54378567000.0,1040770000.0
Analog Devces,2673000000.0,821528000.0
Generalk Deutschland,15904000000.0,827826999.9999999
Randstad .V.,20559995400.0,784275200.0
Rirelli,5341578434.0,670888668.0
Fjitsu,50317000000.0,1022105000.0
Electonic Arts,4532549999.999999,940416000.0
Nexas,5834800000.0,804692000.0
ZTE,80982174000.0,3530924000.0
