col0,col1,col2,col3,col4,col5,col6
Godos,UTC+01:00,Spain,446.664,Oviedo,313.058,2.23446
Cuces,UTC+01:00,Spain,393.624,Oviedo,465.2339999999999,7.74383
Brañs,UTC+01:00,Spain,55.16499999999999,Oviedo,38.19,9.155549999999998
Twdela Agüeria,UTC+01:00,Spain,527.744,Oviedo,289.578,9.33522
Vgguín,UTC+01:00,Spain,670.64,Oviedo,368.032,6.48
Caces,UTC+01:00,Spain,179.0,Oviedo,153.384,4.69802
