col0,col1,col2,col3
Roseland,5819,9.445145,239
Hillsdale,10219,7.606036,19
Emerson,7401,6.271236,49
Demarest,4881,5.384774,52
Matawan,8810,6.235542,10
Allendale,6505,8.074297,89
Leonia,8937,4.218413,26
Waldwick,9625,5.350982,68
Laurel Springs,1908,0.471,85
South River,16008,7.61416,8
Paramus,26342,27.213689,15
Alpine,377,23.887756,518
New Providence,12171,9.607417,66
Saddle River,3152,12.857926,56
