col0,col1,col2
Obedjiwn,9.30708,2039.19
Kahnawke,47.73179999999999,10083.658
