col0,col1,col2
Ejn HaEmek,741.51,248.25
Merka{ Hever,428.142,68.31
Mssad,354.354,260.813
NeveZiv,859.5709999999999,214.12
Giy'at Avni,2063.262,279.558
Bar ohai,912.711,696.152
Gidna,413.877,-16.932
Oerhav Am,332.334,538.21
MitzpeYeriho,2409.12,161.11999999999998
Alon HaGclil,1089.2579999999998,212.787
Gita,264.138,429.408
