col0,col1,col2,col3,col4
229762 Gǃkúnǁʼhòmdímà,295,Palomar Observatory,131.254,23.352
50000 Quaoar,535,Palomar Observatory,188.7993035486744,7.987772754794337
