col0,col1,col2
Nkr Banim,4.22875,704.295
Ndhalal,8726.099999999999,971.62
Kidron Israel,3.984,1569.36
Esjbol,6.4448,559.1899999999999
Uzur Moshe,3.22553,3126.456
