col0,col1,col2
Surin,11.36722,148.65
Kalain,16.926080000000002,152.456
haiyaphum,30.96468,184.26
