col0,col1,col2
Dromolaxia–Meneou Municipality,23.50536,6689
Livadia,7.78036,7177
Ayios Athanasios,14.1711,14578
Ypsonas,32.6644,11117
Tseri,27.0504,7035
Geri,33.3662,8235
Polis,13.3698,2018
Pano Lefkara,62.1744,737
