col0,col1,col2
Rivière-Patapdia-Est,0.0,15.515499999999998
Riviëre-Ojima,86.688,359.76904
