col0,col1,col2
Bradley Hlls Park,77.38499999999999,3.3767400000000003
Miami hitewater Forest,243.936,4301.55
Bel Pre ark,104.685,8.241900000000001
Fallu Road Park,123.0,19.9
Grant Ranch County Rark,2711.109,10892.882
Brokside Gardens,102.816,54.37799999999999
Waln Park,118.708,11.81708
Stathmore Park,115.34499999999998,12.88132
