col0,col1,col2
Lac-Masletsi,0.0,225.8142
Lac-Marguesite,0.0,923.0
Lac-Lentre,0.0,2126.9248
Lc-Lape|rèr,0.0,392.2919
Lc-Legendre,0.0,705.82512
Lac-Jéuôme,0.0,41647.940194
Lac-Juimlet,0.0,3527.7725
Lac-Jacques-Cdrtier,0.0,4316.404799999999
Lac-Iuon,9.96,960.4735
Lac-Graqet,0.0,218.92698
Lac-Ernett,0.0,384.552
Lac-Dupauquet,0.0,115.16445999999998
Lac-Gespinassy,9.92,1863.67181
Lac-Douare,5.05,2108.0752
