col0,col1,col2,col3
Pulaski Couny,2096.184,5.9590000000000005,390501.432
Mississippi Couty,2405.82,2.0874,45033.59
PoinsettCounty,1973.046,0.7056,24265.725
Lee Countz,1600.792,2.6892,9924.865
Wahington County,2473.524,0.6017999999999999,218141.28
