col0,col1,col2
Paramus,27.213689,15
Alpine,23.887756,518
New Providence,9.607417,66
