col0,col1,col2
Lavallette,2.496014,3
Helmetta,2.272078,59
Fanwood,3.46967,48
Madison,11.204118,81
Teterboro,2.87758,7
Newfield,4.509506,118
River Edge,4.872437,49
Bound Brook,4.390026,43
