col0,col1,col2
inncles National Park,107.3207,215339.445
Big Bend Naional Park,3066.5299200000004,385183.68
White Saods National Park,583.4150099999999,606955.788
Lausen Volcanic National Park,429.5076,350215.193
