col0,col1,col2,col3
Ocean Gate,2011,1.405465,7
Mantoloking,296,1.666,0
Harrington Park,4664,5.343025,49
West Wildwood,603,0.346,0
Wildwood Crest,3270,1.309,3
Collingswood,13926,1.923,6
Hopewell,1922,0.703,197
Wrightstown,802,1.768,151
Folsom,1885,22.038769,56
Stone Harbor,866,1.962,7
Totowa,10804,10.558651,259
Watchung,5801,15.65271,79
