col0,col1,col2
Lac-Vacjer,0.0,547.6851999999999
La-Wagwabika,0.0,5.616799999999999
Lc-Santé,0.0,12.44723
Lac-Pythongb,1.986,5881.2877
Lac.Pikauba,0.0,2502.45
Lac-Otcar,0.0,1823.5763
La-Nilgaut,5.034999999999999,9016.2261
Lac/Normand,5.015,2182.056
Lae-Mqselle,0.0,1265.2188
Mac-Moncouche,0.0,261.501
