col0,col1,col2,col3,col4,col5
Keplr-186c,43.60336713521517,7.310602,0.2387999999999999,Kepler,-4.369721999999999
Kepler-187b,43.69127714960069,3.902548,0.2416799999999999,Kepler,-4.40461
