col0,col1,col2,col3
Lansdale,2.99,16071,361.0
Macungie,0.99,3074,122.0
Jersey Shore,3.060367,4482,184.0
Moosic,6.52,5575,817.0
Wilson,1.16,7896,120.0
Courtdale,1.01,734,640.0
Freeland,0.67,3514,1943.0
Bear Creek Village,2.04,258,1522.0
Forksville,1.57,145,1001.0
Jim Thorpe,38.639787,4781,730.0
Hollidaysburg,2.34,5784,289.0
Nazareth,4.324189,5746,150.0
