col0,col1,col2,col3,col4,col5,col6
Noriana,UTC+01:00,Spain,108.54,Oviedo,123.22,5.9321600000000005
San Emeterir,UTC+01:00,Spain,624.96,Bimenes,379.512,15.987819999999996
