col0,col1,col2,col3
Ridgway,2.67,4078,1424
Charleroi,2.233085,4871,352
Kutztown,4.260442,5012,400
Dillsburg,0.8,2563,201
Emporium,0.75,2073,314
Germantown,3.327,75935,240
Yeadon,4.130649,11443,21
