col0,col1,col2,col3
Coudersport,5.63,2505,1650
Charleroi,2.233085,4871,352
Kutztown,4.260442,5012,400
Dillsburg,0.8,2563,201
Emporium,0.75,2073,314
