col0,col1,col2
Larnaca Municipaity,51009.144,29.1129184
Limassol Municiality,102010.0,34.2214873
Dromolaxi–Meneou Municipality,6675.622,23.57587608
Liadja,7169.823,7.850383239999999
Ayios Bthanasios,14446.798,14.1144156
Ypsonbs,11061.415,32.6317356
Tseri,6971.685,27.0504
Geri,8267.94,33.199369
Polis,2015.982,13.383169799999996
Pano Lefmara,744.37,62.5474464
Dali,10518.329999999998,31.4449788
glantzib,20699.868,30.9945104
