col0,col1,col2
Saddoebrook Park,117.585,14.91969002612
Quebec Terrace#Park,59.413,3.4265700000000003
