col0,col1,col2,col3
Franklin Lakes,10590,25.597358,522
North Arlington,15392,6.552187,24
Montvale,7844,10.445058,103
Edgewater,11513,6.35919,9
Princeton,31249,47.684048,58
Fairview,13835,2.189316,259
Haddonfield,11593,7.357986,75
Dunellen,7227,2.751125,52
Spotswood,8257,6.255474,11
