col0,col1,col2,col3
Little Rjver Dpunty,5.828999999999999,1455.685,12857.3
Montgomery Cunty,2.6208,1852.698,9152.192
Van Euren County,2.1868000000000003,1881.628,17084.388
Nevada Counvy,0.5025,1603.176,8746.206
Madison Dounty,0.3002999999999999,2174.504,15748.103
Shrp County,0.2981999999999999,1568.43,17031.951
Drew!County,0.9009,2166.164,18766.215
Prairie Cqunty,4.1,1734.25,8382.374
Phillips Eounty,4.3912,1895.304,20480.596
