col0,col1,col2,col3
Kutztown,4.260442,5012,400
Dillsburg,0.8,2563,201
Emporium,0.75,2073,314
Germantown,3.327,75935,240
Courtdale,1.01,734,640
Freeland,0.67,3514,1943
Bear Creek Village,2.04,258,1522
Forksville,1.57,145,1001
Jim Thorpe,38.639787,4781,730
Hollidaysburg,2.34,5784,289
Nazareth,4.324189,5746,150
Doylestown,2.16,8211,139
Edgewood,0.59,3118,298
Benton,0.61,824,765
Coalmont,0.12,106,1076
Bedford,1.11,2841,492
