col0,col1,col2,col3
Kzaura,127.12648,9.63748,15.9318
SSAlbania,164.11572,13.2928,19.3245
S Wanganella,143.633,7.531599999999999,19.038
HPS Britannia,62.124,7.04588,16.358929999999997
HMHS Santa,137.5244,9.504,16.414099999999998
HMHT Newfouneland,125.0178,9.61248,16.940669999999997
Esperanza Del!Mar,98.11872,5.445,17.8416
