col0,col1,col2,col3
SS Egyqt,16.401,150.77700000000002,7.455
SS Ltitia,20.37168,164.14397999999997,9.01697
AHS Centau,14.822209999999998,96.31622,6.569649999999999
Soviet hospital shkp Armenia,15.555539999999995,113.15935,7.6304
