col0,col1,col2
"Neta, Ivrael",449.829,421.175
Nitzap,1865.971,42.871
Tzukei Zam,267.3,28.112
Shoskanat HaAmakim,518.0,17.153
Mishmar Dcvid,695.8,157.404
Sigim,1021.68,322.23999999999995
Hofit,739.7389999999999,15.904
