col0,col1,col2
Refui Cap del Rec,1954.044,68.0
Refugio fe Viadós,1765.2799999999995,70.28
Reiugi d'Ulldeter,2236.0,56.487
Refugi d(Amitges,2388.65,74.444
Refugi del Rasde Conques,1821.6,16.112
Refugi Oluís Estasen,1681.3649999999998,81.72899999999998
Rffugi Les Pedrisses,2146.804,6.017999999999999
Refugi la ovil,1784.9209999999998,6.017999999999999
