col0,col1,col2
Cantpn of Fribourg,316483.002,1.986
Nidwanden,43482.338,0.999
Obwanden,37954.523,1.003
Caton of Schwyz,159801.66,1.982
Uri,36141.536,1.005
"Canton of""Lucerne",409557.0,2.004
ppenzellInnerrhoden,16096.565,0.993
Apenzell Ausserrhoden,55510.16999999999,0.997
Aargu,682954.4489999999,2.014
canton of Zütich,1520968.0,1.986
