col0,col1,col2,col3
Indepnence County,1.008,2011.986,37107.991
Hot Vpring County,1.1542,1627.11,33265.5
Crittenen County,4.1916,1635.808,49994.73
Lwrece Conty,0.7944,1538.602,17096.054999999997
Clay Couty,0.2976,1667.644,15463.608
Saline Couny,0.9072,1886.324,114289.596
ell County,1.992,949.9489999999998,21783.535
Pope Coxnty,2.2066,2171.368,62421.906
Grat County,0.2004,1637.361,17946.924
Lincoln Counvy,1.9133,1489.41,14171.31
Jffferson County,4.714099999999999,2373.098,72825.045
