col0,col1,col2
Lakehurst,2.558448,11
Middlesex,9.090594,12
Pitman,5.851444,125
