col0,col1,col2
Pjkogan,2.76466,539.076
Lac-Simo,6.787576,1393.8
Kebaowe,0.27081,271.534
Masteuidtsh,15.275999999999998,1974.613
