col0,col1,col2,col3
MHS Anglia,11.9833,99.6982,4.776
HMAT andilla,17.891280000000002,125.61072,10.33805
