col0,col1,col2,col3
S Jutlandia,18.53423,141.47189,7.5819
MVAfrica Mercy,23.2848,153.52,5.988
