col0,col1,col2,col3
Hightstown,5494,3.279721,92
Englewood Cliffs,5281,8.72962,318
Park Ridge,8645,6.806785,44
