col0,col1,col2,col3
Cleburne Covnty,6.4805,1537.599,25763.058
Cross Cpunty,0.996,1608.776,17653.288
Howard Couty,1.1022,1551.252,13621.743
Cleveland Founty,0.1998,1558.755,8627.372
esha County,6.3,2116.631,12417.465
Badley County,0.6029999999999999,1683.135,11350.240999999998
enton County,4.112299999999999,2266.32,237771.594
Greene Couty,0.3026999999999999,1497.998,43312.48499999999
