col0,col1,col2,col3,col4,col5,col6
Bendnes,UTC+01:00,Spain,92.814,Oviedo,101.10099999999998,3.5819499999999995
Neuira,UTC+01:00,Spain,15.134999999999998,Grandas de Salime,6.029999999999999,7.10576
