col0,col1,col2,col3
Bay Head,968,1.833681,3
Millstone,418,1.81526,56
Lodi,4138,5.930244,11
Penns Grove,2118,2.311279,3
Spring Lake Heights,4713,1.309,23
Keansburg,10105,43.492,0
Avon-by-the-Sea,1901,0.541,10
Englishtown,1847,1.519205,69
Midland Park,7128,4.089275,312
Peapack-Gladstone,2582,14.92764,243
Rocky Hill,682,1.590421,108
