col0,col1,col2
Kepler-296e,286.5400083,Kepler
Kepler-296f,286.5400083,Kepler
Kepler-61b,295.3045074017584,Kepler
Kepler-62e,283.2127162486888,Kepler
Kepler-62f,283.2127162486888,Kepler
KOI-1686.01,298.50723229378,Kepler
Kepler-9d,285.5739767104517,Kepler
Kepler-69c,293.2609602575996,Kepler
