col0,col1,col2
Qierburg,5962175696.0,744767422.0
Hella Autotechnik Noxa,16842052807.0,859598208.0
Varroc Lighting Systeps,19457062305.0,897293985.0
Zetiva,5261808874.999999,1028428000.0
Qatland Group,570475000.0,638081940.0
Natura Uiberica,3603717817.0,745527687.0
Lnter IKEA Holding,23038146000.0,1302479999.9999998
