col0,col1,col2
Lac-Minlstuk,43.129,1501.3816000000002
Lac-Mtei,0.0,71.41656
Lcc-Minaki,0.0,81.65965
Lac-Mtawin,9.94,772.6784200000001
Oac-Matapédia,4.975,83.166
