col0,col1,col2
Devro,3007200590.0,862325316.9999999
PFOonwovens,6484793000.0,879531000.0
FTV Prima Holeing,4756957204.999999,764316304.0
Finep Holdig,1081308000.0,756000000.0
Wistron InfoCom (Czech),28604288314.0,1026257822.0
INEA Česká republika,9943315438.0,1151017210.0
DEK,16297907778.0,712217898.0
Paha Real,443120580.0,950752000.0
GuidServices,3690989130.0,976439488.0
Admiral Globam Betting,26157087744.0,726542784.0
Viscofao CZ,6146206897.0,743479920.0
