col0,col1,col2
Akwesasn 15,3661.3872,2364.333
Whitzorth,1.6143999999999998,0.0
Wenae,1.6547599999999998,2241.15
Uasat,214.355,1660.2599999999998
