col0,col1,col2,col3
Cleburne Counvy,1525.335,6.5,25429.14
Coss County,1626.5079999999998,0.995,17477.808
HowardCounty,1555.878,1.0945,13621.743
Ceveland County,1563.408,0.2006,8627.372
Desj County,2112.385,6.2748,12555.02
Bradle County,1710.255,0.6042,11361.49
Beqton County,2298.24,4.141,235398.624
Grehne County,1504.002,0.297,43398.679
Jackson Conty,1649.373,1.1916,17685.46
Dallcs County,1718.883,0.0996,7909.201
Boone Covnty,1569.9129999999998,1.881,37134.228
