col0,col1,col2,col3
Fort Lee,35345,2.888,90
Roselle,21085,6.899,17
Flemington,4581,2790000.0,50
Red Bank,12213,5.6,13
Buena,4603,7.579,121
Lakehurst,2654,2.558448,11
Middlesex,13635,9.090594,12
