col0,col1,col2
"Monte""Rosa Hut",2897.4149999999995,121.07999999999998
Rencusa Refuge,2131.44,91.632
