col0,col1,col2,col3
Hollidaysburg,2.34,289,5784
Nazareth,4.324189,150,5746
Doylestown,2.16,139,8211
Bristol,1.96,6,9726
Archbald,17.1,1102,6984
Avoca,1.03,735,2664
Boyertown,0.78,124,4055
Clarks Summit,1.58,1289,5116
Duryea,5.74,623,4932
Dupont,1.52,720,2716
Export,0.4,313,917
Hamburg,5.044034,121,4114
Thompsontown,0.33,449,697
Sykesville,4.14,1352,1246
Shickshinny,0.5,156,835
Herndon,1.87,413,324
