col0,col1,col2
Strovolov,67768.192,24.793428
esaGeitonia,14462.523,3.59014905
