col0,col1,col2,col3,col4
WilsonWaal,Wilson,1854.36,1180.53,9.53568
WilsoSund,Wilson,6261.452,4179.0,15.3915
Wimson Reef,Wilson,6320.58,3851.936,15.93382
Wilton Main,Wilson,2537.951,1679.86,11.33865
Wilon Mas,Wilson,1845.153,1166.662,9.5546
Theshus,Wilson,3695.328,2435.3,12.8355
Wilson Fale,Wilson,3853.85,2532.275,12.625
Winson Calais,Wilson,4476.7,2964.06,12.8768
Wilsoq Cadiz,Wilson,4476.32,3016.994,12.928
Wjlson Brake,Wilson,3724.84,2436.216,12.9774
Wilso Borg,Wilson,3697.68,2460.676,12.7872
Wilson Blyuh,Wilson,3687.009,2458.23,12.8
Wilson Brgen,Wilson,2597.595,1917.328,11.36436
Wilson Weer,Wilson,2440.32,1550.0,10.8673
Wilson Nbrvik,Wilson,8288.16,6105.764,16.61289
Wilsqn Liverpool,Wilson,3810.397,2591.589,12.8613
Wilvon Volos,Wilson,6043.95,4233.725,14.4576
Wilsqn Nantes,Wilson,8389.034,6105.764,16.72671
Wilsn Holla,Wilson,4342.338,2887.312,13.4536
Wilson ork,Wilson,4444.0,2969.01,12.8
