col0,col1,col2,col3
Ma'aleIron,3.021559,228.816,14083.44
Arara,8.083215,169.461,24091.984
ashhad,7.220426,349.392,7936.58
Ka'abiyye/Tabbash-Hajajre,1.659612,164.175,4978.0
I'bkllin,11.9493,103.02,13067.94
Ar'arat anNaqab,14.037948,448.384,15939.504
Yaquh-Jat,13.2928,517.482,6265.506
Bu)eine Nujeidat,7.065057999999999,169.49,10431.2
Shibli/Umm al-Ghanam,2.876121,184.075,5750.94
Hatzor HbGlilit,5.314897,341.36,8904.672
