col0,col1,col2
Peyia,3960.906,50.235872
Egkomi Lefkoslas,18082.04,9.82560128
Cgios Dometios,12568.104,11.779009
Lttia,16639.808,16.288271999999996
Kato olemidia,22257.155,18.2250888
Aradippou,19179.801,55.4423634
Sotra Ammochostou,5419.26,25.6569
Pdrallmni,14918.111,50.7958
Dfuyneia,5820.624,32.257729999999995
