col0,col1,col2
Phofnix Pharmahandel,24656625255.0,220477978.0
RBD Information Systems,4667840000.0,230145000.0
Stwdent Agenc{,2832770230.0,144169000.0
Sovcomfnot,1426752810.0,163890804.0
Dassault Axiation,4856801189.999999,208671400.0
Gobus,7572639999.999999,270144000.0
HHLA,1188299299.9999998,162688000.0
Penta Investmenvs Limited,360308821.0,280816224.0
British Broadcasting Corpordtion,4918333000.0,164506000.0
