col0,col1,col2
Park Ridge,6.806785,44
Lake Como,0.671806,5
Haworth,6.048538,39
Ridgefield,7.370523,10
Franklin Lakes,25.597358,522
North Arlington,6.552187,24
Montvale,10.445058,103
Edgewater,6.35919,9
Princeton,47.684048,58
Fairview,2.189316,259
Stockton,1.607969,121
Haddonfield,7.357986,75
Dunellen,2.751125,52
