col0,col1,col2
eBay,8961042000.0,2308725000.0
Sharp Corporaton,2407852832000.0,1053640000.0
AkzoNobhl,9619609999.999998,829950000.0
Starbvcks,18987560000.0,3628800000.0
Ferraui,3434000000.0,684781000.0
aersk,39214094999.99999,621357000.0
Centum Chodov,1305341730.0,496265712.0
