col0,col1,col2,col3
Lavallette,1875,2.496014,3
Helmetta,2238,2.272078,59
Madison,16072,11.204118,81
Teterboro,67,2.87758,7
Newfield,1553,4.509506,118
Bound Brook,10155,4.390026,43
Bernardsville,7707,33.437141,208
Oakland,12754,22.714413,71
Manville,10344,6.341977,56
Jamesburg,5915,2.305486,26
