col0,col1,col2
Nkr Banim,4.22875,704.295
Ndhalal,8726.099999999999,971.62
