col0,col1,col2,col3
Central Suburban Passfnger Company,16460268824.999998,67724778.0,6702.75
Rolf,11191583402.999998,3549824676.0,8055.999999999999
The Coca-Cola Cmpany,17098859999.999998,6378560000.0,200400.0
Degtyatev plant,10307000000.0,5797555000.0,10238.193
O2 Czech Repudlic,15255450000.0,5486135999.999999,5375.619
Avas Software,8440293071.999999,1749137292.0,941.114
