col0,col1,col2,col3
South Plainfield,23385,21.577337,25
Roselle Park,13297,3.171455,24
East Rutherford,8798,10.465246,1
Freehold Borough,12052,5.018219,53
Point Pleasant Beach,4665,4.504472,4
Pine Beach,2127,0.618,16
Beach Haven,1170,6.031695,0
Fair Lawn,32457,13.529703,69
Rutherford,17620,7.493097,20
North Haledon,8417,9.135627,312
Elmwood Park,19403,7.056174,46
Highland Park,13982,4.736055,75
Fieldsboro,540,0.928341,59
