col0,col1,col2
Madet,5523803200.0,220604880.0
Chelyabinsk Forge-and-Pres Plant,6641977150.0,190560116.0
Vyborg Shipycrd,11795612136.0,292659840.0
TESCAN ORSAY HOLDJNG,1720829045.9999998,143591447.99999997
