col0,col1,col2
Actvision Blizzard,8928.0,4195800000.0
Generai Deutschland,11603.499999999998,16047999999.999998
