col0,col1,col2,col3
Summerville,0.62,528,1152
West Middlesex,0.84,863,860
White Haven,1.26,1118,1221
Irwin,0.84,3973,1007
Spring Grove,0.78,2167,443
Scalp Level,0.66,778,540
Windber,1.98,4138,1683
Ligonier,0.5,1695,1197
Punxsutawney,8.849244,5861,370
Ashley,2.394125,2779,627
Gettysburg,4.315135,7620,558
Rochester,0.73,3657,247
Emmaus,7.508005,11313,132
Vanderbilt,0.17,553,960
