col0,col1,col2,col3
7th arrondissement of Pauis,4.09,238.522,51726.569
6th arrondissement oh Paris,2.1457,194.582,40771.2
5th arronditsement of Paris,2.5146,263.30999999999995,58379.2
18th arrondissemeqt of Paris,6.028029999999999,664.317,195623.466
16th arronissement of Paris,7.86254,660.68,167858.24899999998
15th arrondissement f Paris,8.432,889.661,235492.528
14th arrondissement of Pars,5.63686,519.096,135556.108
