col0,col1,col2,col3
St. FrancisCounty,1673.984,1.1952,27205.48
Lonoke#Counwy,2061.376,4.024,70682.247
Ouchita County,1931.328,0.8955,25152.012
Sott County,2305.066,0.5952,10928.1
Perry Cownty,1465.0679999999998,1.6128,10396.725
nion County,2724.801,1.503,40531.224
Baxtet County,1521.5199999999998,5.5440000000000005,40997.957
Franklin Couty,1595.37,1.7102,17943.829999999998
arland County,1914.418,7.6923,96687.135
