col0,col1,col2
Hopatcong,31.990659,997
Somerdale,3.605158,85
Branchville,1.551614,554
Wrightstown,1.768,151
Folsom,22.038769,56
Stone Harbor,1.962,7
Riverdale,5.403,367
Clementon,5.052628,72
Hamburg,3.026732,142
Totowa,10.558651,259
Watchung,15.65271,79
Woodcliff Lake,9.189113,230
Roseland,9.445145,239
Hillsdale,7.606036,19
Emerson,6.271236,49
