col0,col1,col2
Rivière-ouvelle,0.0,1070.7519
ivière-Nipissis,0.0,10356.6921
Rivière-Mouhalagane,5.02,34783.6804
Rivire-Mistassini,48.853,18753.8
Rivière-Poksoak,0.0,291162.68542999995
Rivière-Brnjour,0.0,1691.2564999999995
Rivière-Bonavenure,35.105,3064.208
Picaud,10.05,570.4834000000001
