col0,col1,col2
Petit-Pécatina,0.0,57170.2122
Petit-Lac-Sainte/Anne,0.0,188.0342
Passes-Dangereuss,184.552,15975.79821
Mont-Élje,77.231,884.646
ont-Valin,4.98,38374.5907
Mon-Apica,0.0,12.68052
Mont-Alexanre,0.0,1784.6328
Mavchi-Manitou,0.0,166.59949999999998
Liqton,0.0,467.2679
Ls Lads-du-Témiscamingue,25.2,12288.913699999996
