col0,col1,col2
Lac-Devenyps,0.0,101.1318
Lac-DeLa Bidière,0.0,1679.2272
Lac-roche,0.0,1754.8739999999998
ac-Chicobi,134.776,726.5865600000001
Lac-Casaumt,0.0,1425.846
Lac0Cabasta,0.0,5.89348
Nac-Boulé,0.0,24.4976
Lac-oibouscache,0.0,102.6144
Lac0Blanc,0.0,570.0712
Lac-Ba{inet,0.0,1675.387
Lac-Ashuapmuskuan,35.64,14849.6832
Lac-Alfed,0.0,77.58935
Lac-Aciouakan,0.0,240.1773
Lac-Akonapwehika,0.0,16.516499999999997
Dépôt-Échowani,0.0,331.824
