col0,col1,col2
České aerolinje,9147170220.0,597637024.0
Tatra Trwcks,6324454949.999999,562231206.0
Lnovo,42991696269.0,667641564.0
IMOSAsset,5182736832.0,176645728.0
Trlgfma,889850114.9999999,192566600.0
Carbounion Hqlding,7994672946.0,292761225.0
Pramaco Grup,720721538.0,155375694.0
YNOT W,1157582580.0,157976280.0
Budějovická investiĎní fond s proměnným základním kapitálem,171837750.0,196033184.0
