col0,col1,col2
Ahuzbt Barak,2230.08,165.47599999999997
uvalim,1142.31,251.75
orehet,1424.0,310.854
Shahrut,129.09,547.808
zohar,421.095,138.23299999999998
